id,pred
36,0.788963
2157,0.9753767
9385,1.0552007
14434,1.0793962
9462,0.9775602
5773,1.2446328
11975,0.8795919
10047,1.1405126
9595,0.9464694
12085,0.8585671
10423,0.70942736
5353,0.7333726
1967,0.82367957
7192,0.7631042
13483,0.799296
8158,0.94877714
1482,0.74702036
5833,0.980084
5276,0.7845924
12541,1.0406822
14694,0.8040134
11505,1.1357216
3948,0.6899781
12175,0.80044436
108,1.3017588
2520,1.1761627
11334,0.7727194
9535,0.7859122
9788,0.76621974
3217,1.1029505
9102,1.1227102
8059,0.87714076
2340,1.1741678
5727,1.0051736
13074,1.1617978
13058,1.0016044
12524,0.9002409
13919,0.7897982
1135,0.68290573
2266,0.87061644
13837,1.0144231
312,0.8520295
5129,1.0288336
333,0.7209147
9710,0.7973422
4895,1.1292243
12948,0.8787565
9748,1.1520596
10713,1.3669249
11130,0.9459266
7685,1.0573854
14382,1.0694114
1622,1.3522146
9747,0.77831304
6176,1.3581071
8001,1.2011433
3843,0.9432189
5369,0.7533709
4013,0.9488597
7189,0.7642329
6627,0.9249642
1531,1.2668196
7872,0.978971
7822,0.9562794
7939,0.60937256
11694,0.70957226
12404,0.69252205
11477,0.63242173
10036,0.83173394
8673,0.96384805
13663,0.75848407
158,1.0847389
12270,1.1555326
4775,0.9707644
10732,0.89276344
12761,0.9552934
11443,0.9198572
14024,0.8067428
1456,0.7435297
15040,0.9326751
1777,1.2082564
5176,0.98409796
10217,0.8523922
14211,0.89282537
11805,1.3823164
1332,0.85405374
2539,0.88535285
12008,0.83840203
219,0.9785454
3415,0.91500294
9014,1.0358613
2606,0.6791444
3913,0.79186916
1811,1.0055785
500,0.78451914
14528,1.0533439
3045,0.77078307
4740,0.7944357
13532,1.1893686
5973,1.3723365
1524,0.69139814
6710,0.72419536
10824,1.1002553
2242,0.71719193
13571,0.9089012
14078,0.932935
14089,0.87766385
4511,0.76281273
14168,1.0894
9406,0.9699446
513,0.95975757
3346,1.1349261
8857,0.92209536
2470,0.854495
3497,0.85360503
13452,1.0670736
5450,0.86621046
5340,0.886032
10909,1.2235092
12419,0.8819256
1393,1.059376
14390,0.997113
2721,0.8214083
2093,1.0367997
8024,1.0109456
8759,0.9703387
6275,0.905853
6465,0.7199489
4041,1.2202934
10700,1.2696782
11312,0.9111135
5533,0.82782996
4905,0.9937128
3094,0.9065602
8732,0.8087379
13789,1.0792935
4064,0.9603156
7358,0.93775815
8580,1.2346461
926,1.1174546
13516,0.7590477
11615,0.9665648
1630,0.856222
6996,0.724232
3308,0.89889383
6713,0.85514545
9983,0.6166136
11869,0.8978439
8366,1.1870635
13751,1.2267535
1832,0.92447925
14756,0.76092446
10385,1.0855141
12411,1.1476765
8478,0.7854074
6267,0.87548655
11803,0.8214683
3744,1.1765518
10541,0.8818569
5642,0.9745829
12459,1.2723396
2660,0.8477987
8975,0.87283754
193,0.70743906
11779,1.0313374
5337,0.69262147
12817,0.80695146
6310,0.95071423
10836,1.1184886
9078,1.1072057
6272,0.7847798
14614,1.011399
11290,1.1175716
9887,1.012064
8737,0.98435956
12187,0.94662714
11445,1.2400582
4131,1.0194596
4753,0.6259797
4485,0.91564196
7134,1.4357862
7865,1.0080936
10276,0.86726266
8160,0.8831677
466,0.8637445
10688,1.0836382
14681,1.096923
14860,1.0002663
392,1.0589454
7028,0.99445635
13586,0.7812865
10890,0.81612796
3362,0.6927122
14593,0.93999875
3981,0.76986325
2860,1.0133433
11826,1.222678
5633,1.1779969
5202,0.9338461
7501,0.7349324
3597,1.0878458
12210,1.0028174
2685,0.7943243
881,1.145047
11122,1.0143881
490,0.7966213
2929,0.7522999
14696,1.0576739
11871,0.60300344
14934,1.2473282
10955,1.1102414
14962,1.2853833
10083,0.8752063
5673,0.86309004
83,1.1940942
7556,0.7232998
13273,1.1798186
10149,1.2699547
11095,0.8224815
1580,1.2830136
5083,0.6892534
6351,0.8855021
3331,0.86500835
12975,1.1123419
6704,1.2289073
1113,0.8615757
8619,0.9881433
11920,0.9022987
10263,0.71017516
13812,0.84753275
6065,0.79359055
11247,0.65160465
8377,1.1686037
2074,0.83240557
14723,1.0516236
7992,0.96712583
8808,0.94263613
2962,1.2161943
1657,0.9936484
13560,0.7558842
3021,1.0075424
9941,1.1693066
10034,0.9386369
9457,1.20733
14097,1.2671294
13754,1.0160638
13772,0.98763984
4262,1.3624542
5189,1.2646927
5570,0.73932606
3436,0.99135596
928,0.7262077
1405,0.738914
13207,0.680215
15083,0.8137006
13003,1.0075111
4221,0.7730659
1499,0.9832729
8596,0.926337
13164,0.8750118
1339,0.98020065
3959,0.8604174
2681,0.6856748
13815,0.94012994
5676,0.9700836
3574,1.0663874
6393,0.9706646
10186,0.8723496
14989,0.81673765
3782,0.8255791
6459,0.6236907
9152,1.0194662
11400,1.3371291
2131,0.7683292
14297,0.65977347
406,1.2762089
10708,1.2740822
13573,1.1255534
4878,1.1852657
6334,0.8627507
3429,0.72992456
260,0.66496587
13596,1.030761
5822,0.9310484
3945,0.93947977
939,1.2199435
10703,0.8536725
7089,0.7396985
3477,0.8653176
10673,1.2215617
11878,0.727254
12956,0.9777086
6104,0.88076526
11058,1.0414613
2223,0.9024203
3330,0.7858222
13253,1.3034372
669,0.7606603
6371,0.70180964
14171,0.84665024
14413,0.79815316
13262,1.3436754
2615,0.9739697
995,1.0301003
10850,1.0224752
2851,0.826288
1629,1.0928631
7835,0.6622182
2145,0.79675114
986,0.84318095
7306,0.82520986
11757,0.8182439
9695,1.0072784
5442,1.1991761
2944,0.6223563
2100,0.8411474
13248,1.0920908
12555,0.85907984
10544,1.0232923
1577,1.1388712
12799,1.0301234
11618,1.1438535
14678,0.78660476
3607,1.0764458
14227,1.0261159
14038,1.1179101
6453,0.69907665
9587,0.68292224
6649,0.9120718
5279,0.7903289
2998,1.2399035
13283,0.8671759
13485,0.92528296
9960,0.67819506
4168,0.64242315
10669,0.69160044
5304,0.95158374
2115,1.2511414
2534,0.78028333
6361,1.012948
9021,1.0931396
1002,0.9006436
12908,1.0541054
1009,0.7852166
3049,0.9755665
1081,0.85722375
6842,1.0966111
7592,1.0414338
4436,0.8770292
9583,0.9169224
4901,1.030238
13597,0.68383455
12886,0.73923165
2940,0.98267615
1262,0.7115244
13643,0.82999456
7221,1.4206372
2768,0.8413595
416,0.92942405
9092,1.0121529
10993,0.9618268
3779,0.97473234
9031,0.9404787
5602,0.8465935
8210,0.945389
12432,1.1170837
8045,0.9219931
652,0.9599174
7640,1.0982661
3469,0.8000329
4263,1.1794636
2060,1.0429744
10832,0.8129527
4099,0.73665667
2118,0.8263497
3620,1.0412835
6287,0.90610516
5953,0.95682585
1879,0.71401364
118,1.0786257
10449,0.7041856
6664,0.7358522
12362,0.871165
8831,1.0524095
11933,0.71997654
14306,1.1564724
1653,1.0507925
6410,0.8160832
13620,0.8340762
9262,1.0391135
7256,0.71285564
11376,0.96775573
12251,1.1483855
14294,1.0812353
2346,0.67721075
6375,0.6903255
15042,1.1937718
9290,0.80150187
11836,0.7875812
9395,0.95857096
1694,0.83372813
13773,1.1904541
1536,1.0227547
11644,0.7417702
12589,1.1622666
8241,1.1218203
4487,1.012552
13077,1.1368375
3540,1.043239
417,0.8745078
8370,0.7434358
6009,0.9568856
12075,1.2389
2293,0.94865096
14000,1.1062279
12414,0.9841249
7895,0.9063303
13933,1.2980579
8150,0.6073379
1304,0.7348156
9083,1.0563021
512,0.9938351
11704,1.0593244
2654,1.1430098
11397,0.74283975
12331,0.8610587
781,1.254642
6279,0.6464678
10265,0.8178972
14256,0.8905682
12685,0.845636
4188,1.0122544
5834,1.1181353
10452,1.1191396
9558,0.8242846
7797,1.1163453
7456,1.1445228
3525,1.0745192
10770,0.9214089
1710,0.60226184
10237,0.8785267
8931,0.8738219
6834,0.81943816
4106,1.0860279
1621,1.4082131
7976,1.0593863
4182,1.0499682
3468,0.96962845
1859,0.9646141
9974,0.745314
1472,0.85114706
503,0.88828105
8557,0.9260355
7709,0.8094217
8346,0.806607
33,0.67344165
1398,1.0877266
7110,1.0085257
65,0.7864964
11861,0.89198834
1955,0.71161425
2217,1.3424418
11510,0.9394143
11828,0.76824236
4745,0.79209685
6855,0.6984416
11488,0.9927092
13692,1.1920562
13746,1.256204
3466,1.1021094
14025,1.2205908
1297,1.0500454
3480,0.6810435
13490,0.68237424
3825,0.7851294
5413,1.048007
7601,0.82846963
5762,1.0754385
2240,0.9639648
12882,0.9712989
2881,0.7033683
5908,0.87250453
2500,0.86460584
10338,0.90653706
1618,1.2109194
7037,0.9183644
1970,1.0153307
11792,0.99851984
85,1.1448846
13347,0.8835658
1157,1.1328256
9272,0.9955213
1308,0.9370467
13547,1.0480175
8200,1.0883415
12348,1.1338766
7279,0.72655845
5321,0.9561195
812,1.0766994
3137,0.7715322
11358,1.0961914
9148,0.91664034
1356,1.219985
2142,1.217633
11678,0.7824858
13832,1.0184957
9463,1.0360063
5433,0.94438857
8934,0.7916104
4675,1.2566993
7297,1.2686425
6468,1.0084547
135,1.0803114
6193,0.66732234
12757,1.2976438
11692,0.7427495
3993,0.7530559
11922,0.9418714
14379,1.0201224
11226,0.7253256
3081,0.9789562
7046,0.80279934
10647,0.97761875
1365,0.78756464
8807,0.7675915
10717,0.7725416
14853,0.6302618
2595,0.7353581
5888,1.1237012
10656,1.3004739
10881,0.90467334
5891,0.9036681
6870,1.1065388
1752,0.81991804
4308,0.8829893
7198,0.7786542
4124,1.1976212
6738,1.1268682
3386,1.1862572
4995,1.2724563
6544,0.85276854
3713,1.2835147
12947,1.2501255
11565,1.1254616
6914,1.116571
14904,0.94876844
12767,1.060295
9940,0.74574983
4206,0.9589174
5229,1.0538418
9072,0.81467086
6706,0.9073841
14369,1.0537465
8226,1.2216406
3191,1.1151592
4864,1.2067248
7632,0.9682037
1045,1.1174784
10369,1.4091523
3085,1.0239512
10882,1.2344923
11203,0.69184846
2601,1.2843194
12694,0.73944247
4438,0.94754183
4970,1.0846398
1089,1.0373008
1442,0.98453057
14516,0.8334174
13127,0.6898682
9360,0.6988799
14837,1.3205209
10666,1.112546
12250,0.8382803
8965,0.88938063
6268,0.8152673
13817,1.2706573
14996,0.9959171
6867,1.2585241
13845,1.2766069
5082,0.87408763
4056,0.7679084
13161,1.1455548
550,0.7319186
14088,0.66636544
7290,1.0511874
2058,1.2290579
4868,1.2088959
11199,0.83479893
708,0.934679
15022,0.78748643
1573,1.1287144
13998,1.0059248
9820,0.9168173
7878,0.6663614
12884,0.70333505
3946,1.0356319
4059,1.0904217
8549,1.1156719
4657,0.98386025
4986,0.6932948
989,1.1820967
1092,1.1234999
3762,0.8180024
207,1.2844876
1899,0.96903026
11327,0.99365526
2103,0.8823493
6014,0.93887186
13656,1.100467
2001,1.1632733
2465,0.96511304
12746,0.6644801
1191,1.0207279
10802,0.9886911
7085,1.1118402
12514,0.9571595
11278,0.8476027
11917,0.91340196
2964,0.80735767
4735,1.1087599
12015,1.1187105
9100,1.00285
7111,0.9303615
13737,1.2318676
4783,1.3024125
12763,0.97691387
3279,0.7501537
1429,0.689696
14921,1.4434656
6454,0.8614177
3461,0.93527883
2755,0.829989
529,1.0253689
6081,1.2353251
1628,0.83241546
7967,0.96847683
1538,1.0546048
4826,0.6854861
12962,0.68820655
9614,0.8526808
13424,0.7931975
10929,1.1038997
7374,0.8624153
2170,0.9805933
3006,1.1885293
5007,0.92101204
8296,0.6692205
11212,1.0042708
4524,0.8197581
12430,1.0174024
9301,0.7397459
13251,0.9784952
14597,0.8391538
155,1.0973829
1318,1.0629017
13427,0.64770925
976,0.7328032
15051,0.9490851
10405,0.7984108
8785,0.9653325
11713,1.1861322
8914,1.2693722
4858,1.1495373
7902,0.7822759
8529,0.6914896
3351,0.69760656
3841,0.971388
12344,0.787181
10107,0.93638384
6808,1.231139
2369,1.10228
9861,0.8575122
14699,0.9803018
3026,1.0834855
5956,1.1985449
11449,1.1349494
14961,0.7698004
3887,0.77449596
6023,1.0483067
925,0.64673144
14040,0.9308411
13220,1.0188812
8323,1.0253702
11055,0.80208874
9520,0.87848765
10809,0.77735
2879,1.2008848
4133,1.0719453
7247,0.9688145
14600,0.9526211
10218,1.1588576
2099,1.0017277
9091,0.69541764
10607,1.0036961
14174,0.8881479
4005,1.2355448
11864,1.2033232
7564,0.8093895
7006,0.67063564
771,0.90787625
10546,1.1178958
8171,1.0154324
7355,0.7794982
13184,0.70487547
6378,0.6686016
1419,0.8402786
1908,0.93460333
9074,0.92152345
6783,0.973871
12001,0.8622089
6577,0.9119258
4385,0.77870035
7770,0.91012245
12074,0.90870637
1533,1.257509
14534,0.8059188
11473,1.2501894
3725,1.2012076
11179,0.7422367
5859,1.1071973
643,0.7226172
14945,1.1062694
7040,1.172246
10803,0.7358056
14964,1.0704648
5748,0.8089043
3056,0.84490323
11503,0.8889672
9594,0.6576839
13904,1.0234622
13265,0.8794475
14521,0.86004
1311,1.0033436
9651,0.96832716
8147,1.2180836
7619,0.929089
8417,1.0772291
5971,0.7584674
171,0.91741556
397,0.7390757
13134,1.0390964
9987,0.9918933
9161,0.8383842
13196,0.9032187
2650,0.80962676
1880,0.8844055
11388,1.2045815
9364,0.9720508
4643,1.2537005
5790,0.7694527
13708,1.2836866
7587,1.010591
9955,0.6664631
14119,1.0352538
279,1.2386985
1344,0.8780798
8288,0.9702782
8612,1.0041718
13534,0.9004425
2838,1.2273488
10512,0.78935635
10164,1.2069259
3432,1.3194705
4843,1.0361863
11395,0.88213336
2692,1.078192
3420,1.176634
4452,1.2911396
7479,0.90599734
5259,0.87617147
4014,0.7937152
14633,1.2596037
2672,0.80559206
8979,0.75387603
6443,0.9740976
14660,0.8767849
10256,0.88229066
13418,1.2260268
3401,0.77244735
5934,0.8691715
1961,1.0791602
2522,0.9822967
12129,0.950534
4398,1.3423624
9860,1.0574808
13173,0.73814344
4190,0.85598505
9303,1.0221024
10787,0.9176235
6451,0.82353973
1750,0.9535465
13126,0.94029427
7959,1.0082302
4184,1.054894
10312,0.89212275
12537,0.8876527
11027,0.97964126
7826,0.7317971
7925,0.6014323
11847,1.1324627
10628,0.9695657
7929,0.79969436
4586,1.0202556
4848,1.2788506
10967,0.9620215
12393,0.77173847
12114,0.99565125
634,0.83837676
13182,1.2040356
2096,0.6837517
5031,1.2290511
10311,1.0462058
35,0.727838
6178,0.8262706
5222,1.0411978
8754,1.1448603
80,0.7967998
7194,0.7317251
1612,0.8644068
5398,0.9800679
13680,0.6926077
1292,1.2450656
9862,0.93140066
5846,0.62478554
2604,1.0596704
14543,0.8815362
5267,0.76022303
27,0.9724585
50,1.1513144
3490,0.81408435
11538,0.82652205
10030,1.0834647
8253,0.7800398
13241,0.9908304
6746,1.1107228
12108,1.0631478
10300,1.1001983
14834,0.60913014
11995,1.0313952
3260,0.783927
7534,1.047201
5414,1.0358315
2541,1.0897298
9798,0.81517243
14915,0.8942416
1027,0.9557006
1459,0.8470789
13911,1.1935873
11225,0.83625406
4683,1.0507317
2817,0.8996582
3409,0.9424031
7990,0.7731987
14061,0.95004946
14203,1.1480434
8959,0.9938536
14087,0.6412764
10602,1.1152364
8322,1.1818837
5739,0.7699034
5390,0.95257425
14965,1.0345534
7581,0.7695004
13453,0.91760653
1056,1.0277467
5875,0.771943
8291,0.6495731
11162,0.866364
7837,0.702809
3209,1.1495913
3051,1.041178
10976,0.8462231
4736,0.87470484
10523,1.0368319
9563,1.0606834
7778,0.7330148
829,1.2867537
10538,0.9375349
1744,0.78917515
2175,0.8045758
421,1.1479584
8751,1.1207838
14293,1.0103488
4909,0.8878592
13055,0.86602116
2232,1.0363228
965,0.8460878
10431,0.95263076
12914,0.76607907
5086,0.9781343
6573,0.8099246
7991,0.74469787
11860,1.2668617
2837,1.0226874
2085,0.98308825
6563,1.0243052
3898,1.225845
5765,1.0898402
4645,0.91589177
2727,0.98460245
10558,0.9338907
14747,1.3534669
13554,0.80998826
14015,0.7993469
10834,1.0562763
9233,0.963799
13893,1.242549
8830,0.9069484
2845,1.2754835
8949,0.77257454
6034,0.90525126
7338,0.77121365
6213,0.9370241
11841,0.8683684
9560,1.0787935
6124,0.96239406
10208,0.9356957
8465,0.9310924
9892,0.7853781
11123,0.99349654
5760,1.269161
5008,1.3489466
10898,1.0884802
8153,1.0278103
10144,0.8240173
4759,0.77434456
737,1.1214856
12341,0.9483553
11594,0.9224123
8896,0.93494076
9030,1.2627615
4459,0.9332908
10202,0.8507563
6841,1.1834306
9532,1.0628126
10653,0.9974675
6724,0.8920013
2640,0.88762313
5751,0.7656397
12355,1.2879394
7948,0.7860057
8605,0.697277
13236,0.84099686
9246,0.77589977
7245,0.73885244
12847,0.735016
4662,0.7788164
1213,1.0821202
7284,1.3421243
2536,0.69803804
1407,0.7913906
5475,0.8679687
7482,0.76275206
8938,0.6374701
8911,0.936087
6113,0.9042965
10046,0.79965466
14936,0.6175299
5266,1.1059738
10662,1.1805027
11248,1.1043689
10938,0.92624617
9261,0.98628783
8182,0.82225865
6028,0.7810491
258,1.399979
14329,1.2544729
4411,0.75491375
12278,1.1221414
14842,0.9391408
10151,0.8513212
4073,1.0322223
10254,0.8195685
4283,0.87553394
9805,0.9621118
3,1.011244
7667,0.9928705
7650,0.9077916
13480,1.0435185
11342,0.57287246
3764,0.65031195
6963,0.85234153
4804,1.1608303
15032,0.9094418
12227,1.0872948
3417,0.91781884
1979,0.80642164
2711,0.9986023
5688,1.0624281
2413,0.89803666
10376,0.6900681
9278,1.2941763
9832,0.77637625
12811,1.0376157
6913,1.2961615
2487,1.0538288
568,0.9927173
11606,0.85957175
12797,1.2874277
6898,0.87013566
11697,1.0645685
11750,0.76985824
545,0.67904454
5935,1.0595417
6686,1.2116838
3325,0.8917612
7944,1.2359024
1818,1.0546799
574,0.9345472
7807,0.86639744
940,0.8342624
13678,0.81093943
4975,0.90375394
5191,0.6676087
1200,0.96414757
142,0.89694977
5016,1.0369936
11025,1.0596025
13183,0.95884407
2342,0.79657847
10110,1.0357187
10037,0.93387216
5471,1.0074486
6731,1.0814363
13313,0.7116132
6676,1.1222695
1008,0.7880699
11230,1.2531896
549,0.98910975
851,0.91776675
3876,1.0374353
1444,0.92894506
1706,0.9168279
14975,0.8086283
10135,0.86120135
2712,1.3624885
1136,1.1127669
11720,0.7264339
2816,1.1858722
10827,1.1309791
11315,1.0464776
9785,1.2863473
5799,1.0224122
4599,0.9960409
11790,0.8967391
1476,1.0067043
1068,1.1946974
3070,1.2547388
11774,0.77226186
1507,0.897668
3832,0.99826944
13398,0.7088163
8525,0.89329284
5940,1.4224558
893,0.8491379
10988,0.8986872
1417,0.70585394
1545,0.93494004
13915,0.83652407
14873,1.0085127
4585,1.0720625
12678,0.96048355
2495,0.93598306
5156,1.2508259
1443,0.9229761
2921,1.1094862
329,1.0388129
427,1.0233794
14878,1.0979044
3052,0.8867349
8436,0.84430724
5041,0.9228483
9147,1.0158792
11999,0.7276728
8782,0.82553566
10540,0.84644294
4629,1.0757179
1910,1.1894698
9066,0.8306278
7617,1.0410367
13632,1.2889341
10443,1.1625583
13526,0.8442137
8314,0.8554331
5088,1.2650244
13822,0.6446898
11729,1.0090189
738,0.87281203
6473,0.7938792
14492,1.068358
6688,1.0332083
13111,1.1730828
3928,1.0357174
9467,0.94900167
8117,0.92631507
15019,0.7844672
671,0.8245393
14283,1.060996
13920,1.015444
11850,0.840427
4280,0.7655436
13403,1.0823839
1203,0.6740735
5883,0.95839477
804,0.9951766
10458,1.1229961
2496,0.70700103
4659,0.9078113
9474,0.63460886
8863,1.0393306
4146,0.8845492
11591,0.9301288
13473,1.0627725
11569,0.7988484
7162,1.2517303
2304,0.9721638
4477,0.9217248
11050,1.0929648
11562,0.8378116
7058,0.8401863
14903,1.1614397
4919,0.814327
1414,0.6467142
6832,1.1466057
15059,1.2628529
991,0.6795579
13355,1.1473328
14309,0.7471583
6067,0.93033564
1996,1.066684
10137,0.7150699
2752,0.8592323
598,1.0518084
8,0.7100742
13009,0.87510014
10786,0.64109576
14674,1.146497
4980,0.9997213
1952,1.1459236
5634,0.86507636
7958,1.0421144
2979,0.74167585
7528,0.7366101
6262,0.9381632
6656,1.2888451
14797,0.9928924
723,0.762481
11549,0.9397913
11239,0.8769642
13036,1.0219277
14442,0.70872015
8341,0.7875201
3479,0.9599556
11008,1.2098536
8742,1.2496557
3985,0.9461482
4729,0.8964406
9036,0.8639848
960,0.7992404
9654,1.1033255
3662,1.2163031
404,1.1031044
12435,0.9046207
6055,1.0910317
13948,0.92969334
11584,1.3080993
816,0.9802888
12754,1.0755819
5405,0.95934665
11712,1.0555546
10730,1.1255487
12930,1.1343186
6253,0.68844163
14527,1.1372178
6515,0.8091575
7361,1.1494894
12523,1.2046353
12089,0.8292974
12441,1.1650987
2603,1.1897123
9108,0.8746943
5754,0.8347273
6168,0.772942
206,1.0398436
11817,0.86836493
8251,1.1578102
8517,1.0713315
12112,0.71818405
12733,1.2822196
2553,1.2025471
9315,0.99929607
3939,1.0135126
12738,0.66150695
14930,1.0615244
7980,1.298725
10855,0.7498227
4884,0.92056376
8047,1.263156
13317,0.8078877
2388,0.85004026
15076,1.0994667
7043,0.94551426
4082,0.85216904
1315,1.3084447
6941,0.82077026
8280,0.85745573
48,0.94548285
168,0.81270045
1440,0.674963
4071,0.99578714
7554,0.9882687
2525,0.9266043
1177,0.64886487
14900,0.93747723
5976,1.0474358
14449,1.17363
774,1.0733321
3295,0.9555395
10489,0.830509
13641,0.83750176
7966,1.3095652
5210,1.0876553
7409,0.733943
10394,1.1212728
3642,1.2263541
9761,0.696517
13163,0.9264671
8389,1.3803625
13668,0.70428026
13963,0.9151608
4516,0.96814024
9838,1.3966103
6076,1.1855168
4639,0.88226646
1698,0.7546523
10747,1.0387211
6181,1.1727724
4313,0.83643115
5734,0.8674638
1743,1.050963
1471,0.83100295
2632,1.1187837
9780,0.7305791
8816,0.79097044
3250,0.98582697
9466,1.1935267
6504,0.99542964
5394,0.9839446
9346,0.6200434
5937,1.1894078
7213,1.190121
5835,0.7497027
252,0.7131319
8427,1.1158555
2086,1.0413558
1406,0.80641675
8290,1.0099918
3082,1.0239174
11758,1.1380742
4703,1.1075891
6311,0.8262782
780,0.6118829
1248,0.89451206
1506,1.0768273
14451,0.87234545
8508,0.78751147
10310,0.93579555
13151,1.266149
7744,1.1281403
9672,1.1810571
8715,0.9134431
5325,1.0647337
6966,1.2286435
3673,0.88346845
3457,0.92963433
8518,1.1106352
11172,0.8220213
7193,0.8738872
7353,1.0872794
3842,1.1544943
12650,0.88635397
2758,0.6514277
5238,0.99571353
7994,1.0723146
8492,1.1474144
3947,0.8375907
13083,1.2574968
7190,1.0078144
7845,1.3771702
11195,1.017437
6349,0.62723434
1874,1.0078095
3903,1.0300899
1167,0.8461219
3359,0.94692874
9509,1.1382079
846,0.9965632
3230,0.8809526
10382,1.2346532
4525,1.2213169
10095,0.9011493
7975,0.9221849
10910,1.1234605
6994,1.2179778
8376,1.1309892
4003,0.70615876
9697,1.2414267
8570,0.8808098
3974,0.82436424
4888,0.7334119
12044,1.1171509
6583,0.6990845
8360,0.95622367
1774,1.2465043
1646,0.9481484
9085,0.93552995
7688,0.69769704
7571,0.98481494
14517,1.3170521
1501,0.8565022
3294,0.91386634
646,1.1972157
11521,1.1013849
1909,0.9463841
8662,1.1836734
4492,0.9836168
13364,1.047425
8167,0.71066546
1487,1.0940146
7476,1.1592417
13935,0.69138294
13617,1.048842
14374,0.90914655
13092,0.8873377
12921,1.1374835
14606,0.8141809
6729,0.92442596
3869,0.93797266
4431,1.225225
7267,0.93195975
6978,0.93682885
3892,0.8814857
12643,1.1441238
13790,0.6309759
12561,0.86244035
5411,1.2862039
9639,0.97243166
13983,0.8039317
6921,1.0429684
8212,0.71181726
7316,1.2378376
3970,0.84485507
13309,1.1664217
14067,0.9848815
2229,1.3454161
7654,0.8360425
2778,0.8385079
2562,0.7923155
10970,0.7758182
6328,0.9144983
7801,0.8366684
10387,1.0111233
13958,0.78592336
11188,0.8962062
4867,0.70475435
2504,1.1204562
1903,1.1287105
11076,0.8405626
5038,0.74089414
593,1.4052787
6567,0.83680785
5046,1.0675092
12471,0.9420971
7661,0.94471556
7244,0.90406674
493,1.2628722
12880,0.94164157
10931,0.8961051
680,1.1220362
5432,0.75464654
309,0.94626224
1267,1.0756145
13435,1.0422395
13015,1.2197617
12715,1.2081711
11092,0.7678938
202,0.757627
7076,0.81802434
8674,0.75083303
4892,1.1361318
3305,1.0171565
9886,0.95703596
2188,1.1424775
11098,0.80219364
3376,1.1266536
8053,0.7201039
13671,1.0896398
4693,1.0982057
13463,0.8703939
11965,0.6312803
12055,0.9181966
13020,0.993835
12102,0.80092037
5617,0.89185
7575,0.6674319
4815,0.8376858
13226,0.8204537
4295,0.93993694
14118,0.85046935
11180,0.904035
11042,1.0398741
11630,0.94947755
1784,1.2422905
4918,0.684938
14254,0.7591567
1101,1.0329633
6340,0.93463236
11337,0.75146115
13249,0.8733239
175,0.68865466
12781,0.83029175
5294,1.0897648
2796,0.6661997
322,0.7567697
7107,0.8795997
12109,0.8297833
10807,1.1299013
14402,0.9023458
6693,0.89851546
5954,1.0345924
10059,1.2289677
4705,0.73185444
14150,1.0779023
8433,0.9027739
2989,1.1733389
467,1.2136395
1548,1.2272981
6084,1.1761683
8945,0.92914766
9635,0.80976415
9946,0.9547464
5850,0.8595048
6501,0.98956877
6044,0.85868204
7602,0.7363697
2215,0.8799491
6212,1.3091029
787,0.8991216
1517,1.0586666
10815,0.8417723
7766,0.73332775
7069,0.9454189
1041,1.1476052
5640,0.9189084
13736,1.00792
386,0.94379216
10373,0.84230614
10637,1.1280622
1692,1.1766108
14787,1.0949967
11596,1.2408351
14820,0.92480755
215,0.9252289
14457,1.1281822
4637,0.79753566
9577,1.0479702
13123,1.0713782
638,0.8414752
10609,0.96816957
7962,0.7896294
8352,1.2071338
7498,1.0003062
10866,1.1530138
11517,1.1413958
799,1.1148974
10674,1.157691
6902,1.1249185
569,0.95343065
14163,1.1940725
13544,0.8158529
2478,0.8370936
14278,0.67109394
12231,0.8932202
5741,1.0857694
4049,1.0842912
8956,0.6531131
4974,0.84198266
10764,0.7997026
9548,1.1268907
742,1.051719
14562,0.78047836
571,0.9272786
719,1.2301629
10303,0.86501896
8372,0.9817785
14708,0.8943536
14007,0.70444477
12184,0.725131
4230,1.0439093
7217,0.8997266
9176,0.8318069
10930,0.8009285
7129,1.1640036
10596,1.0379705
483,0.97607636
5928,1.032756
6651,1.3068304
4536,0.68186355
7458,0.9013897
2502,1.1514513
1112,0.9685241
1436,1.1521852
12088,0.8766578
4779,0.6911444
2287,0.82453454
13838,0.6131848
5131,1.3294035
7050,0.71624196
10948,1.0178709
5136,0.72180927
9035,0.8308996
6218,0.89822745
9340,0.8567066
9719,0.8637743
96,1.0017564
452,1.2037556
3284,0.9675052
3299,0.94924194
4024,1.2995765
8234,0.94203115
14096,0.9714663
6125,1.0507855
8287,1.1211778
14490,1.096204
9126,0.6664573
5396,0.64527357
9991,0.7531167
7054,1.0424986
9073,0.7743412
12838,0.81958616
8357,1.0039945
3512,1.1460831
8983,0.8095126
10683,0.8872724
5725,1.0079436
12830,0.8457575
14501,0.8675989
14972,1.0028167
5991,0.6688484
7315,1.1042935
12450,1.3099216
2925,1.221933
2575,1.0375047
69,0.7415125
5195,0.91545457
1599,0.9938415
918,1.0359464
9806,1.0378547
402,0.73943144
2386,0.8794389
7977,1.2125497
14363,1.2035037
10927,1.1743361
2724,0.9307082
3796,0.9421258
8071,1.0310664
10123,0.6492106
2847,0.8381013
11455,0.9138435
6992,1.1076467
5488,0.83365923
12958,1.2050545
2932,1.3665609
8523,0.6739801
7701,0.9634626
14120,0.719365
2403,0.99493206
14367,1.20714
12037,0.6707409
14116,0.95741904
6040,0.9295906
7827,0.9330498
6607,1.1211696
6496,1.0838442
1005,0.86771744
6525,0.7128977
5289,0.7837384
4742,0.9750095
4427,0.99161404
10177,0.89814216
7954,0.8389714
10819,0.87424004
14709,0.6899029
3677,0.7148434
14205,1.061195
5817,0.72480017
375,0.671467
14399,1.146532
5281,1.0475371
14688,1.1968472
1866,0.8576907
1388,0.73726285
13048,1.1598423
13831,0.8011723
13330,0.6824285
177,1.2156816
4472,0.67128843
13605,0.9320331
11405,0.9625852
5815,0.81642723
10006,0.6848414
5103,1.2642322
10780,0.9831455
10584,0.8848243
3207,0.9336246
8052,0.65610313
4715,1.0298747
8315,0.74284923
3116,1.1266491
13050,1.1407205
6118,0.85847926
4646,1.078749
3955,1.0431681
13701,1.2973794
8428,0.95988995
8229,0.8653698
878,1.0083079
3595,1.1953666
9557,0.6959868
324,1.225575
2639,0.6322987
9309,0.9752327
11948,0.9399761
7675,1.1310706
8327,0.86688936
7407,0.8300179
3675,1.1229309
8270,0.9872501
4790,0.68686867
2730,1.1942778
4917,1.009461
13264,1.0089309
10465,0.7156786
14079,0.87950695
11116,0.797785
13354,1.1443231
13614,0.86432534
11284,1.1352663
5540,0.89858246
12190,1.1067111
1021,1.0186074
8810,0.7223395
2481,1.0853088
14541,0.71843266
13613,0.92918587
6606,1.1146083
10444,0.87405616
10658,1.0582255
253,0.8699232
13765,0.73191935
7570,0.9074781
6600,0.82289624
999,1.0783741
1028,0.8492684
6314,0.9499616
10532,0.875248
7961,0.83361626
5084,0.8049982
14002,0.8252144
9823,0.9052789
8700,1.2791153
12778,1.0862066
3267,0.9942633
11356,0.7969518
412,1.009777
10381,0.63120574
10289,1.1166034
10418,0.9657171
7378,0.82331747
739,0.8573097
8777,0.9704007
4512,0.8952281
111,0.9260891
6951,0.7764325
2144,0.8766563
3691,1.1545869
6873,1.1764936
10206,1.08932
5152,1.3239901
7156,0.997911
4616,1.1471782
7548,1.1734768
3902,0.7393979
12776,0.8136033
10168,1.215279
6610,1.0632533
8402,1.1325579
9743,0.86906314
11169,0.69501287
6819,1.0041063
11081,0.81842494
12862,1.3040824
5965,1.2014964
3650,0.97781366
6107,1.0635595
794,0.6773859
13873,1.2669783
8920,1.2708879
1831,0.8742933
5884,0.8714258
7757,0.9490411
748,0.9628737
3537,0.8123468
4921,1.0312866
6787,1.004348
1190,1.0906714
1741,1.0667636
8893,0.9720613
6858,0.9276527
3171,1.1752505
5280,0.67309415
3204,0.95777994
13918,0.8887599
13878,1.095352
12788,0.9688474
1561,0.8550444
12342,0.9073285
12605,0.90016544
14199,0.8664856
4532,0.80340993
2578,1.1119224
2950,0.78247887
10082,0.7090497
11854,0.8629768
12658,1.1099286
2973,1.1036286
14573,1.2791
1700,0.852064
9774,0.778029
12805,1.0194135
7898,0.85632956
653,1.3022952
7668,1.003578
12692,0.8803766
8847,0.8495136
4197,1.0038826
6206,0.81295943
14177,0.64043355
6185,0.6427186
3041,1.2176232
3370,1.0276427
958,0.87463194
5599,1.1566749
8724,0.8145774
8966,1.0295122
8760,1.2076795
6025,0.7877671
14125,0.72159374
5224,0.7495096
11084,1.2405818
6256,0.8290999
507,0.67445046
779,0.7666248
10393,1.254066
886,0.8830898
6156,0.9631831
6345,0.78914833
330,0.9280976
3511,1.0955169
9673,0.795814
8359,1.0555031
12543,0.8385282
6174,0.651999
9336,1.1132262
7727,0.923345
12271,1.2976714
5407,0.8239826
5895,0.7946485
6446,1.0533934
11811,0.866554
13110,0.6504833
6681,0.7252673
2444,1.0654728
3956,0.712466
11879,0.6491653
1918,0.7568232
11009,0.7811599
9305,0.9944917
5047,0.89653116
4678,0.63191456
15092,1.1009672
13477,1.0009027
7949,0.8703202
14302,1.075553
14018,0.6925937
8257,0.9077506
10760,1.0853546
7578,0.86908835
9418,0.80343604
4647,0.94065034
10054,1.0343695
13301,0.81542593
3256,0.73831975
14889,0.7349645
12286,1.1523961
13926,0.8496022
2677,1.201174
13562,1.1880364
716,0.7811338
6053,0.84885204
8900,0.8914854
8584,1.030559
3884,1.255839
2359,0.964077
13634,0.91895187
14123,0.8272729
6633,1.0298073
4860,0.78764594
3039,0.94074214
13073,1.0445247
3315,0.7469643
7218,1.0424583
2422,0.79796636
10096,0.81247723
1670,1.307007
786,0.8391912
9970,0.879895
972,0.869074
4441,0.91928875
7946,0.9544219
9529,0.93613255
619,1.2337757
13723,0.96869344
10720,0.8908525
13595,1.1436665
11880,1.0096202
11329,0.84853673
10582,0.85866565
2976,1.0297589
4787,0.7526617
11157,0.98660076
11173,0.722392
12656,0.8706029
148,1.0819824
7813,1.0980442
11118,0.74980855
8657,0.89858025
4711,0.92528427
4688,0.7395226
9925,1.1057413
14197,0.8559256
8446,0.8934434
9859,1.1866004
10035,0.60299915
3352,1.014787
3952,1.078994
2269,0.8464225
1480,0.7377641
6332,0.9824013
9894,0.89109933
9732,0.84264195
1065,0.95097524
3975,1.0456979
8696,0.8442376
8416,1.0016904
7262,1.2218624
10264,0.89559484
6827,0.7330916
2382,0.9260293
12337,0.86224526
11461,0.9556914
47,1.1919212
8250,1.0774477
11776,0.75773513
6379,0.88729095
8393,0.8282646
2380,1.0802512
7819,0.8731353
5142,1.2477638
9694,1.0840517
9276,0.80892354
6955,0.93733865
5385,1.0640079
10304,0.6976613
9334,1.1173899
3728,1.3344865
3443,0.89001787
9698,1.0539339
9648,1.2882724
12332,0.83006763
13072,0.99095386
6195,0.97585505
9992,1.077343
11536,0.94157267
14281,1.0053453
7891,1.0426905
2129,0.6920912
6981,0.79333985
6549,0.88297355
5378,0.6766085
10019,1.1611736
3399,0.83985144
62,0.8340782
14415,1.0441248
110,1.0385168
3671,0.8431267
1718,0.7066395
3091,0.9182081
8826,1.0247872
7308,1.0912265
8063,0.9294118
11402,1.1556972
974,0.75887084
9210,1.3270111
1258,0.9000666
9343,1.1751132
10654,1.1464155
13522,0.925498
479,1.0849051
11369,0.9142173
1158,0.9594217
12010,1.2634413
9103,1.0094255
8422,0.99020904
9017,1.0249319
13432,0.6926804
2429,0.73916924
9840,0.958592
5988,0.8857253
6568,1.2950573
2617,0.95907044
9208,0.92468965
12939,1.0887395
4652,0.7137387
477,1.1991488
4089,0.7350478
8151,0.93173844
3247,1.2005327
691,0.930641
4697,0.6492865
3131,0.72928417
13865,1.1869738
7583,0.9109074
11489,0.83533037
5499,0.9454072
8792,0.83823156
2732,0.8003954
14535,0.92799485
11791,0.8312391
13482,0.9370371
13380,1.065779
7811,1.2331197
4685,1.1080806
4871,0.93809015
1625,0.91787845
14766,1.0775617
3316,1.3335849
14082,0.70556283
5332,0.7322936
4870,1.1823785
3545,0.7809814
4035,1.0093653
12912,0.8701291
6824,0.9759712
1523,0.80099225
7223,0.9203621
4989,0.80659235
14736,0.8818407
12723,1.021777
3861,0.7978564
4009,0.8449333
6594,0.85687375
3817,0.67153156
13913,1.0516748
13289,0.65050566
6574,1.2113626
7197,0.8736377
1875,1.2964303
134,0.810984
31,0.9990984
3272,0.686595
10895,0.90990055
2545,1.0620315
6199,0.6492342
12335,1.0958527
5723,0.85958433
1159,0.94069195
2680,1.0355911
11647,1.166363
9236,0.8337383
11270,1.0180537
7261,0.9814323
6405,0.8720112
8988,0.8714819
12454,0.7726555
4527,1.085355
525,0.91462594
9223,0.85479486
11041,0.882918
12192,1.0028279
8387,0.7804281
3879,1.1015687
7301,0.9591722
1368,0.704034
9464,0.9229846
13279,0.697972
12268,0.7697139
3282,0.70089304
12632,0.7325447
11667,1.1251812
9478,0.6023752
4758,1.0284612
13102,0.79968727
10551,1.1501052
12377,0.9308095
11269,0.8452467
9919,1.2916546
10212,0.8341796
9190,0.72235006
13888,1.3517365
11211,0.992007
5718,0.93029064
13866,0.71697253
588,1.0068369
629,1.2180026
11314,0.74994206
2194,1.0960861
3155,0.8822632
3488,1.139411
6696,1.1360255
11633,1.0956837
2044,0.88450587
7092,0.87191635
6804,1.1417122
1849,1.231596
13979,1.1528758
3083,1.1366763
9814,0.86817765
3372,0.9371544
10942,0.884618
4672,1.0642356
3199,0.75107825
3077,1.1123635
10327,1.1480314
517,0.8560854
326,0.9054121
12298,0.9783244
7979,0.9226172
1512,1.0075388
14014,0.86365277
14843,1.0720541
9263,0.7701783
14091,0.6780526
2704,1.0434585
1105,0.7506504
6580,0.6965771
4876,0.7451848
559,1.0014501
11985,1.287977
5700,0.92603064
4015,0.8600651
3944,1.1336659
2430,0.77653015
351,1.3216176
14441,0.80621207
13405,1.2513052
905,1.1145442
10849,0.7202652
11138,0.8307878
7993,0.8108527
7702,0.8371802
11876,0.91405845
11464,0.8953817
1595,1.0262687
7379,1.2070534
4451,0.6789499
14799,0.717414
15074,1.2200619
8930,1.1454828
13362,0.68281484
10049,1.1177922
12859,1.1893336
2579,0.87242866
8467,0.9574128
11775,1.3912215
1633,1.41784
3196,0.89575267
13338,1.1533488
754,0.84312373
12961,0.86657274
5820,1.0196545
52,0.9401962
13277,0.9445386
4339,1.1763036
15046,0.7906991
7743,0.9289924
4018,0.8724353
1179,0.9212061
14713,0.8730366
4259,1.1906581
8576,0.72427845
5438,0.8928108
1269,0.8344803
11094,0.9996607
6529,0.74573076
8456,0.6551201
12686,0.8315406
13805,0.7615393
4201,0.66366696
14639,1.1482296
2542,0.80169725
13310,0.89706403
11595,1.0490357
11846,0.9715703
4337,1.0857015
13098,0.913521
7173,1.1446909
734,1.0487988
5165,1.0513419
4636,0.99250185
11336,1.0727621
4706,1.3296938
5023,0.9629407
2366,1.1855553
9344,0.9332129
14354,1.1345525
14386,1.2068416
13750,0.7970054
6177,1.0626025
6353,0.89856976
10736,0.82999086
14558,1.1830041
7787,1.1246138
12995,1.0396435
4405,0.93190867
10366,0.95901823
7082,0.9797871
8000,0.8993752
5753,0.9975997
6997,0.92462957
3273,1.2424879
6483,0.75289726
12959,0.6626754
1742,1.1235951
4466,1.1951554
2607,0.85853255
2733,1.2026721
7847,0.90856314
12428,0.7579985
8049,1.1450586
5706,0.8975115
11045,0.9652623
9446,1.0199517
1178,0.8190041
11695,0.8834635
11129,1.0888153
8252,1.1739221
6255,0.75715744
383,1.0650327
14777,1.0887764
5865,0.84572697
9471,1.1016111
9061,0.8287613
3987,0.66733336
10733,1.0616338
1138,0.74089944
5709,1.0375835
7505,0.8595929
315,1.0680801
5650,0.9641932
7178,0.9919774
3365,0.7257223
4673,1.2388008
9004,0.78987885
1798,0.9412666
6271,0.9058664
11662,1.0747219
439,0.77267283
1647,0.8327105
8094,1.1655309
1268,0.933493
8268,1.3586
9337,0.88692534
13113,0.83166075
3767,0.9311062
6887,1.1821893
13086,0.81819624
2334,0.8959921
4493,0.7840409
5702,1.0643585
5496,0.78074706
5379,1.3025213
10679,0.6538781
5927,1.2686713
4164,1.0944743
1655,1.1364472
10042,1.0583271
385,1.1093371
8553,1.1899058
9116,1.0035877
12499,1.0200652
9836,1.0887151
1364,0.79176635
949,0.82091063
3385,1.0543808
704,0.97534734
7514,1.0415266
2462,1.0484123
5014,0.6591467
2295,0.8040456
10386,1.3152905
4717,1.1566801
9425,1.1601813
3681,1.0003443
10332,0.866963
9489,1.1395435
3408,1.0957627
2625,0.9100685
13665,0.64617383
1838,0.71122175
5355,0.6499274
4607,1.378002
5923,0.7021845
4853,1.2193294
10436,1.0992082
6643,0.9522033
9511,0.6986905
4874,1.02784
9432,1.066342
2055,1.380013
10491,0.9122123
10714,0.81794876
12284,0.96738636
8598,1.2035661
9447,0.7278053
8929,1.1064756
10918,0.8320842
12136,0.9953722
2700,1.0174975
13374,0.8475095
7031,0.7615042
14500,0.75234854
1640,1.2952914
5606,1.1387248
2509,0.7912307
78,1.1414881
8448,0.6530794
2109,1.2389511
9383,1.0364165
14026,0.8175888
12455,1.2055417
12775,0.88420004
7236,1.1683874
5148,0.9591006
11057,1.0322747
7257,1.0425515
3802,0.8213643
12209,1.0335948
9130,0.80152035
950,1.0813651
5512,1.0130801
6961,1.2203013
1881,0.81825686
199,0.80706537
74,0.95139885
12115,0.88300574
10748,1.0116619
660,0.74600434
2461,0.93155193
9271,1.2053902
13341,1.0594516
15025,0.9941735
11759,0.91368246
5328,1.1947422
6109,0.7558273
2353,1.1818451
1727,0.7071378
8002,0.6208638
12266,0.98444223
7593,1.0316947
11725,0.8072982
5793,0.8300686
9762,0.89250255
3442,0.9865147
1834,0.991799
11819,0.76475066
5270,1.0819368
3716,1.0569978
12749,0.833357
10686,1.2486345
12365,0.84599924
3252,0.89854765
762,0.9278976
410,1.1988642
5694,0.7493955
14009,0.8141601
10198,1.0403388
11952,0.9196047
9607,0.9643586
5275,1.0739298
13872,0.87920666
7760,0.71081144
14132,1.0299629
13661,0.7099276
7585,0.9148019
10648,0.92511934
8864,0.95474744
2780,0.79446703
15054,1.4223804
6376,0.9333221
14733,0.9256118
4085,0.84060043
7894,0.92423964
8274,0.9900947
4934,0.9600949
12833,0.844073
3433,1.0503638
9564,1.3102336
1820,1.0770228
14190,1.1682875
13518,0.8980453
897,1.0553614
8984,0.7991915
12896,0.85854256
13713,0.99358785
3423,0.7880021
9461,0.84196377
4642,0.8533807
1917,1.0614617
10774,0.96269566
8339,0.65570164
917,0.9577923
2350,0.9268069
12682,1.1432846
10963,1.0062538
11476,1.1076117
11155,1.1811265
14988,0.8895386
6920,0.932322
8460,0.964586
9293,0.9965972
13709,0.68280184
335,1.1419239
13895,0.760813
12688,0.92518204
10044,1.1840539
7634,0.87980205
9503,0.9140717
12529,0.8544322
13461,1.276534
8989,0.7758906
8712,0.9048973
4990,0.941136
4619,0.67087483
3727,0.78638226
12968,0.71321756
10375,0.95826304
12316,1.0064836
14693,1.1893506
14157,0.9754173
1810,1.0188714
2130,0.95005333
3780,1.0828273
3439,0.90729487
4621,1.1802227
6624,0.8265659
6243,0.95291656
6007,0.91974854
3653,0.7741451
5114,0.9720923
14004,0.98107946
3599,1.0349716
2569,0.9949939
6799,1.0482783
12969,0.9511246
14802,1.0958043
1055,0.8407678
9274,0.8896367
9676,0.8085275
13238,0.89109796
13681,0.6861123
13472,0.85577655
9347,1.1582905
2159,0.70987225
14984,0.96670145
1648,1.055389
7785,0.7698782
576,0.8256743
7067,0.80833554
6638,1.0075717
367,0.84861594
14121,0.7431971
2412,1.0203096
5777,0.74926347
10357,1.2158589
8670,0.75700116
14603,1.0964373
4225,0.81587005
6301,0.90181375
9900,1.0104117
8445,0.9127892
12352,1.198756
6326,1.0411227
10247,0.74760026
12789,0.7609532
2009,0.9666295
824,0.935068
4916,1.008436
8273,1.1550422
5143,1.1040428
285,1.1971498
14453,0.7795341
5186,0.7445926
5163,0.77447796
6735,0.6801329
8918,0.9932488
12729,0.6234005
10871,0.8165453
3718,0.8681056
5545,0.82046473
2211,0.8131244
10979,0.9948039
9171,1.0960981
7312,0.7447605
10823,0.9431282
11310,0.9937258
7839,0.65563345
4210,0.759395
14831,1.1958894
14704,0.92216647
9215,0.9893394
3306,0.7485399
4258,0.93586385
11177,0.72924113
18,0.9509783
332,0.7683767
2590,1.2617931
3201,1.1984699
8925,1.0449394
464,0.8841385
13501,0.9513767
6977,1.0442915
7057,0.80338866
1935,1.0877686
12424,1.2748594
2874,0.8222207
624,0.66549486
3773,0.83271503
10777,0.71660423
1312,1.1993968
992,1.0602279
13478,0.81690043
5261,1.1466421
10630,1.1273277
13393,0.6726529
9792,0.85592616
1616,0.92068076
7402,1.2276351
725,1.1457204
3313,1.3063042
14398,0.8961035
1366,0.7737551
14085,0.75677496
6404,0.62454724
6482,0.90181184
10207,0.9497311
12401,1.2629622
1631,1.0101514
12024,0.9114546
11136,1.0827845
14870,1.0512706
1565,0.8782403
8487,1.2329879
3493,1.2668204
5170,1.1459577
13075,1.0909898
15053,0.7583208
8618,0.7816988
5610,0.9990269
6017,0.6976525
1854,1.0901395
6315,1.1040133
12533,0.91982305
89,1.2258036
9897,1.1413704
11810,0.97142446
7266,0.90165013
3785,1.2395306
7751,0.95832634
7488,1.0601552
14553,0.90520835
13116,1.0719135
4518,1.098919
11634,0.789091
13239,0.96717227
13921,0.7898525
5554,1.2920928
10706,0.6798992
5646,0.81720805
2885,1.1616734
8585,0.94227004
13346,0.82591355
1703,0.90843904
13106,1.0050354
1237,1.1087389
14792,1.0884279
5664,1.2832104
5068,1.0185425
12460,1.1472373
9351,0.94506174
2425,0.8367544
12683,0.97874
4842,1.1124283
139,1.2565551
275,0.7912436
1564,0.8940227
7394,0.8492559
7919,1.0110453
5769,1.1076462
7542,0.86822265
7421,1.1745746
10799,1.0468884
5854,0.88189226
9948,0.7047162
3002,0.9573978
5632,0.75822043
6658,0.80468154
13046,0.8860982
9638,1.2144691
1894,0.7779422
10627,0.9611615
9982,0.88369066
790,0.7539456
7526,1.0218229
2210,1.0418501
8496,0.85318583
1846,1.2810469
2764,0.77052003
194,1.0124713
9767,0.80417633
6153,1.076426
12462,1.2124734
9589,0.8307314
11332,1.1478254
6,0.93421096
10548,0.9144212
11856,0.78625846
1394,1.2639421
4859,1.1230472
14266,1.1477597
2593,1.2548543
7296,0.7988037
2094,0.9917294
5896,0.63582635
11563,0.8312278
798,0.7936522
11323,0.7138645
12124,1.2881637
4094,0.9785043
8661,0.9748362
3990,0.8795595
7081,1.0898881
12025,0.8634695
107,0.8249873
6495,1.0401496
8740,0.9831722
2884,0.80789804
13465,0.8758966
3440,0.9871093
7023,1.1849024
6137,1.0782099
7927,0.95963997
3705,0.8114705
548,0.8318975
8550,0.77619696
8829,0.98225236
674,0.79787326
2147,1.1907924
1362,0.911891
14895,1.181194
8423,0.90655667
8205,1.152297
11346,0.6705173
14683,1.0946801
4006,0.67962164
13524,0.9189232
9555,1.1216679
9576,0.8118301
11781,1.0268167
4212,0.78609335
12367,1.0012863
3387,1.105968
8196,1.3418255
8219,1.0339549
11339,0.86335063
4321,0.8514066
8836,0.9062725
11496,0.97402596
14114,0.89357245
6894,0.7517061
10345,0.69133735
14971,1.0522765
14110,0.7737304
14222,0.6959857
1562,0.8539404
1554,0.68316317
6242,0.91035324
8841,0.7768779
10339,1.1188872
12858,0.70505726
14716,0.9067924
7349,0.7970948
4093,1.1792836
10805,0.8113126
10308,1.1867374
10045,0.97399193
7377,1.1605077
13037,1.0298343
13729,0.7026295
13383,1.0749334
7292,1.130521
8105,0.872985
2761,0.6219277
6726,1.3567919
3232,1.1387353
12622,0.9299236
8332,0.8498989
6895,0.8224682
7413,0.8245516
4563,0.8588344
12014,1.1331532
9226,0.8330282
12453,1.0237659
11178,1.0567324
14076,1.1216748
9352,1.0716777
8594,1.2320188
8104,0.9838812
13426,0.79763967
11992,1.2294536
14669,1.0896032
9989,1.1450822
8048,1.0794178
8011,1.3144984
13360,1.0345852
14584,0.8644971
6166,0.8997731
441,0.8722778
2501,0.9614041
6927,1.3788896
11976,0.9577727
5679,1.154426
5730,1.0258735
11040,1.0323987
14663,0.9868735
12249,0.9245867
340,0.7942538
7674,1.2798729
12181,1.0475335
11217,0.7976645
10086,0.83553004
14099,1.0170367
10510,1.1800408
6368,0.9428375
11783,0.92752576
7893,0.6921817
14752,0.85895336
6063,0.83605844
8330,0.9296068
13496,1.2224369
4475,0.67191136
13521,0.9095923
6240,0.9231966
10261,1.1550231
9377,0.82436574
5350,0.7196139
11047,0.7673787
8583,1.0656655
557,1.0715238
8551,0.91253084
13136,1.017656
11804,0.92218137
10696,0.95418835
11677,0.76295495
1049,0.85478014
9759,0.9292606
8162,0.7552891
384,0.69840264
10711,1.0991507
10227,0.6953173
7135,0.9836984
15052,0.90172935
9313,1.2261147
13658,0.7435538
1596,1.3341801
6674,0.9021424
10114,0.9476973
13689,0.9663991
1945,1.1919917
10245,0.8181036
144,0.834648
2460,0.6446457
15001,1.2671177
14839,0.6812575
9876,1.1362864
9601,1.1056111
6150,0.96325505
11171,0.8411664
11043,1.1168231
8738,0.95811003
12665,1.1915927
1925,0.8283835
3264,0.84238684
13312,1.441564
14717,0.99798286
2887,1.2760915
1447,1.1765344
3179,1.0292065
9604,0.71596193
10172,1.1311941
694,0.95935047
9766,0.7512033
4515,1.1378726
8304,1.229721
6821,0.9885526
8141,0.7673753
10959,1.293818
8279,0.9690769
11844,0.97971976
14217,1.1589688
13847,1.1782615
8873,1.0527177
3068,1.1412171
12593,0.7072348
1020,1.2095953
8977,0.9747784
8145,0.6201925
8733,0.7089531
9412,0.7419903
5524,0.96301055
13372,1.2630863
8025,0.7381002
14325,0.7650346
11899,0.77389044
10905,1.2540026
1095,1.1914347
3750,0.8172183
237,1.0245762
2840,0.92113423
13065,1.0983176
710,0.6934478
55,0.7378652
13732,0.8771889
14237,1.0384789
3999,1.1560457
1877,0.9139358
11207,1.0716285
164,0.955315
12071,1.0559286
5448,1.185723
12997,0.84675336
14423,1.1686635
3448,0.7304311
8490,1.0510598
5566,0.9058696
2792,1.298384
7710,1.0608829
3949,0.9814049
190,0.70933485
9789,1.1436318
13252,1.2240468
1274,1.1753361
9733,1.1054968
9088,0.851598
2942,0.8834872
12762,1.0065212
9879,0.8492384
11818,1.2099595
7074,1.1636293
5049,0.7788094
14788,1.1234545
7849,0.91788244
6989,0.82102937
7108,0.68717927
3628,0.77934015
14151,1.0341161
6838,0.8664217
5368,1.1480212
3073,1.1388276
3244,0.7281078
12412,0.77572864
14346,0.9184213
13890,0.6981518
9419,1.0576739
11954,0.93613845
11706,0.7328302
15069,0.98350406
12211,1.2623997
6967,0.96208423
3889,1.2030311
6006,0.71799725
12827,0.9642492
8215,1.164412
11367,0.90276873
9222,0.70110285
3610,1.1349509
12080,0.9896179
11135,0.81627476
8727,0.75919735
230,1.2351928
236,1.2621195
13957,1.3247342
5232,0.9637132
9811,1.2832541
3564,0.85373044
789,1.1166444
8602,0.9337945
11617,1.0139174
9224,0.7304712
686,1.2334173
13655,0.82817245
3328,1.2516807
6061,1.1552097
1321,0.97162503
14891,0.8419929
3828,0.8041942
11108,0.96461374
13332,1.0611696
14327,0.9829055
8688,0.92659545
12935,0.80213666
12824,1.0510929
4594,0.9182688
1778,1.062237
4830,0.8017416
7521,1.3433827
534,0.8242148
13800,0.72219944
3053,0.86776024
14509,0.94273937
4167,0.7447897
11090,1.12497
8973,1.0838617
4344,1.076773
11643,0.841338
2970,0.69254816
8400,0.9843988
11548,0.7140335
11926,0.88437754
7868,0.93616664
14813,0.91374934
553,0.8729819
9937,0.72322106
14048,0.75682265
13361,1.1201704
12294,0.7947222
6187,1.1533321
14566,1.0501083
14248,1.1303663
12299,1.022975
7725,0.7576511
2706,1.143567
6543,1.2595682
14760,0.8337831
9978,1.0997684
4553,1.2000021
2657,0.69469655
4361,0.6536219
1998,0.6056742
1897,1.1785127
5547,0.7771888
5837,1.0403773
13766,1.0772991
14342,0.6601353
1789,1.1580689
5857,0.69278586
8840,1.211438
8089,1.2153723
11228,0.8997345
12768,0.7836697
8060,0.95174354
3815,1.1567715
4965,1.0569082
5171,0.99908257
9142,0.85565704
11723,1.0634842
7466,1.2450397
8358,0.89515686
14525,1.0503974
8293,0.92600083
130,0.9424781
6717,1.2413378
7972,0.86417764
13148,0.9869154
13159,1.3021297
5759,1.1829154
6728,0.86393803
9158,0.9014137
5658,1.2893952
13575,0.9244019
4709,0.7827978
10975,0.98218274
8536,0.9402505
3206,1.1013414
6110,0.6936515
5121,0.92774785
14826,0.8580325
4200,0.69973123
10414,0.8799111
15021,0.8774601
12420,0.8722054
176,0.91337705
8939,1.1815927
13402,0.74840724
5717,0.96642053
15008,0.7357178
12927,0.930248
9123,0.8505488
13268,1.3283346
6878,0.7093164
6592,1.0098246
6097,1.0808773
14395,1.1770048
11077,0.77031595
103,0.764692
2849,1.2267852
6988,0.7290851
13293,0.8488915
11038,0.8610557
13923,0.7571363
6170,0.98634773
12188,1.3865591
11227,1.2493331
9822,0.9498349
4303,0.8382901
5098,0.8407026
3341,0.83820033
9356,1.0333157
8275,1.2236807
11140,1.1457801
9986,0.9582215
11971,0.7991374
9084,1.1010251
14195,1.1957728
5528,1.1080669
3771,1.3120861
1686,1.093471
7219,0.74458826
1830,1.3411968
13385,1.0709383
8890,1.1869384
3242,0.98966074
9778,1.1338519
10638,1.0940486
12263,1.2159601
12491,0.7205025
3712,0.89164364
12741,0.73454994
7762,1.0043292
4042,0.91468024
4674,0.7076584
14623,0.7527741
4770,1.3005991
14744,0.97130555
13125,1.3686271
8111,0.67549264
13566,0.9633471
12028,0.8946783
10571,1.197814
4650,0.8736625
12082,1.2397394
7957,1.3901114
9496,1.1651309
10576,1.1371064
3694,1.0189486
9378,1.2241362
1939,0.78957087
7527,0.89914304
6722,0.9095153
8441,0.8428452
3438,1.1726403
11741,1.1517062
7832,1.3769981
2651,1.008097
6851,0.8477473
11351,0.723606
8396,1.0324166
12556,1.1344677
14680,0.86552244
12334,0.6353534
5643,0.9982648
4638,0.850109
1968,1.080276
7291,1.1433655
9932,0.88836133
3835,1.2601726
14929,0.77567816
6940,1.0929098
1873,1.2494456
4240,1.0041766
7428,1.1170685
11036,0.92661816
3840,1.030358
8936,0.93326557
9168,0.77391064
12638,1.1572607
6163,1.0350233
541,0.6709484
11125,1.0943867
7728,0.7475435
4987,1.0499392
5456,1.1805662
17,1.0784781
6829,0.72088754
12145,0.9385301
3943,1.2469637
8869,1.2047663
3059,1.0376383
3921,0.92597884
12371,0.6337529
6845,1.1216161
2902,1.041748
4440,0.79050255
